URL_ID,URL,Positive_Score,Negative_Score,Polarity_Score,Subjectivity_Score,Avg_Sentence_Length,Percentage_Complex_Words,Fog_Index,AVG NUMBER OF WORDS PER SENTENCE,Complex_Word_Count,Word_Count,Syllable_Per_Word,Personal_Pronouns,Avg_Word_Length
Netclan20241017,https://insights.blackcoffer.com/ai-and-ml-based-youtube-analytics-and-content-creation-tool-for-optimizing-subscriber-engagement-and-content-strategy/,5,0,0.9999998,0.04950495,16.83333333,0.504950495,6.935313531,16.83333333,51,101,2.603960396,1,7.148514851
Netclan20241018,https://insights.blackcoffer.com/enhancing-front-end-features-and-functionality-for-improved-user-experience-and-dashboard-accuracy-in-partner-hospital-application/,10,7,0.176470578,0.046961326,10.05555556,0.430939227,4.194597913,10.05555556,156,362,2.480662983,7,6.720994475
Netclan20241019,https://insights.blackcoffer.com/roas-dashboard-for-campaign-wise-google-ads-budget-tracking-using-google-ads-ap/,10,2,0.666666611,0.09090909,16.5,0.46969697,6.787878788,16.5,62,132,2.5,1,6.78030303
Netclan20241020,https://insights.blackcoffer.com/efficient-processing-and-analysis-of-financial-data-from-pdf-files-addressing-formatting-inconsistencies-and-ensuring-data-integrity-for-a-toyota-dealership-management-firm/,22,10,0.374999988,0.090909091,13.03703704,0.636363636,5.469360269,13.03703704,224,352,2.926136364,4,7.838068182
Netclan20241021,https://insights.blackcoffer.com/development-of-ea-robot-for-automated-trading/,2,0,0.9999995,0.020618556,10.77777778,0.443298969,4.488430699,10.77777778,43,97,2.701030928,1,7.113402062
Netclan20241022,https://insights.blackcoffer.com/ai-and-ml-based-youtube-analytics-and-content-creation-tool-for-optimizing-subscriber-engagement-and-content-strategy/,5,0,0.9999998,0.04950495,16.83333333,0.504950495,6.935313531,16.83333333,51,101,2.603960396,1,7.148514851
Netclan20241023,https://insights.blackcoffer.com/enhancing-front-end-features-and-functionality-for-improved-user-experience-and-dashboard-accuracy-in-partner-hospital-application/,10,7,0.176470578,0.046961326,10.05555556,0.430939227,4.194597913,10.05555556,156,362,2.480662983,7,6.720994475
Netclan20241024,https://insights.blackcoffer.com/roas-dashboard-for-campaign-wise-google-ads-budget-tracking-using-google-ads-ap/,10,2,0.666666611,0.09090909,16.5,0.46969697,6.787878788,16.5,62,132,2.5,1,6.78030303
Netclan20241025,https://insights.blackcoffer.com/efficient-processing-and-analysis-of-financial-data-from-pdf-files-addressing-formatting-inconsistencies-and-ensuring-data-integrity-for-a-toyota-dealership-management-firm/,22,10,0.374999988,0.090909091,13.03703704,0.636363636,5.469360269,13.03703704,224,352,2.926136364,4,7.838068182
Netclan20241026,https://insights.blackcoffer.com/transforming-and-managing-a-large-scale-sql-pedigree-database-to-neo4j-graph-db/,56,21,0.454545449,0.07368421,10.45,0.640191388,4.436076555,10.45,669,1045,3.044976077,1,7.756937799
Netclan20241027,https://insights.blackcoffer.com/enhancing-model-accuracy-from-58-to-over-90-strategies-for-improving-predictive-performance/,17,6,0.478260849,0.087121212,12,0.640151515,5.056060606,12,169,264,3.03030303,1,7.772727273
Netclan20241028,https://insights.blackcoffer.com/securing-sensitive-financial-data-with-privacy-preserving-machine-learning-for-predictive-analytics/,26,2,0.857142827,0.07486631,14.38461538,0.652406417,6.014808721,14.38461538,244,374,3.061497326,6,7.959893048
Netclan20241029,https://insights.blackcoffer.com/enhancing-data-collection-for-research-institutions-addressing-survey-fatigue-and-incorporating-verbal-communication-for-richer-insights/,20,4,0.666666639,0.109589041,12.16666667,0.589041096,5.102283105,12.16666667,129,219,2.922374429,4,7.858447489
Netclan20241030,https://insights.blackcoffer.com/analyzing-the-impact-of-positive-emotions-and-pandemic-severity-on-mental-health-and-resilience-among-entrepreneurs-insights-and-predictive-modeling/,12,4,0.499999969,0.071748879,14.86666667,0.623318386,6.195994021,14.86666667,139,223,3.040358744,5,7.946188341
Netclan20241031,https://insights.blackcoffer.com/dynamic-brand-centric-dashboard-for-automotive-dealerships-pdf-to-financial-insights-with-flask-react-architecture-and-aws-cloud-hosting/,59,24,0.421686742,0.102850062,12.22727273,0.547707559,5.109992114,12.22727273,442,807,2.812887237,10,7.579925651
Netclan20241032,https://insights.blackcoffer.com/cloud-based-data-modeling-and-analysis-platform-with-drag-and-drop-interface-and-openai-api-integration-for-simulation-insights/,7,1,0.749999906,0.049079754,11.64285714,0.484662577,4.851007888,11.64285714,79,163,2.668711656,1,7.159509202
Netclan20241033,https://insights.blackcoffer.com/voter-profile-analysis-and-search-application-for-targeted-campaign-engagement-using-government-voter-data/,40,6,0.739130419,0.095041322,13.44444444,0.623966942,5.627364555,13.44444444,302,484,3.053719008,15,7.915289256
Netclan20241034,https://insights.blackcoffer.com/bert-based-classification-of-individuals-and-organizations-into-two-categories-using-natural-language-processing/,5,3,0.249999969,0.076923076,10.4,0.471153846,4.348461538,10.4,49,104,2.663461538,3,7.211538462
Netclan20241035,https://insights.blackcoffer.com/comprehensive-analysis-of-solana-and-ethereum-contributors-using-github-api-with-comparative-study-of-1000-random-github-profiles/,13,4,0.529411734,0.089005235,13.64285714,0.54973822,5.677038145,13.64285714,105,191,2.816753927,3,7.439790576
Netclan20241036,https://insights.blackcoffer.com/powerbi-rest-api-fetching-dataflow-and-refresh-schedules-with-semantic-models/,19,6,0.519999979,0.121951219,12.8125,0.546341463,5.343536585,12.8125,112,205,2.736585366,2,7.107317073
Netclan20241037,https://insights.blackcoffer.com/automated-job-data-import-and-management-solution-for-enhanced-efficiency/,8,1,0.777777691,0.059602649,12.58333333,0.496688742,5.23200883,12.58333333,75,151,2.682119205,2,6.794701987
Netclan20241038,https://insights.blackcoffer.com/data-analytics-and-optimization-solution-for-enhancing-renewable-energy-efficiency/,9,2,0.636363579,0.066666666,13.75,0.557575758,5.723030303,13.75,92,165,2.842424242,2,7.509090909
Netclan20241039,https://insights.blackcoffer.com/time-series-analysis-and-trend-forecasting-solution-for-predicting-news-trends/,10,2,0.666666611,0.076433121,13.08333333,0.496815287,5.432059448,13.08333333,78,157,2.662420382,2,7.159235669
Netclan20241040,https://insights.blackcoffer.com/advanced-data-visualization-solutions-for-monitoring-key-business-metrics-with-integrated-interactive-dashboards/,14,1,0.866666609,0.099337748,12.58333333,0.622516556,5.282339956,12.58333333,94,151,2.993377483,2,7.635761589
Netclan20241041,https://insights.blackcoffer.com/advanced-patient-data-analysis-solution-for-trend-identification-and-improved-healthcare-outcome/,15,2,0.764705837,0.11038961,12.83333333,0.597402597,5.372294372,12.83333333,92,154,2.896103896,2,7.616883117
Netclan20241042,https://insights.blackcoffer.com/anomaly-detection-and-analysis-for-enhanced-data-integrity-and-user-experience-on-bright-datas-website/,12,8,0.19999999,0.120481927,13.83333333,0.554216867,5.75502008,13.83333333,92,166,2.765060241,2,7.240963855
Netclan20241043,https://insights.blackcoffer.com/building-custom-tflite-models-and-benchmarking-on-voxl2-chips/,9,0,0.999999889,0.05732484,13.08333333,0.541401274,5.449893843,13.08333333,85,157,2.732484076,2,7.579617834
Netclan20241044,https://insights.blackcoffer.com/sports-prediction-model-for-multiple-sports-leagues/,17,2,0.789473643,0.070110701,16.9375,0.505535055,6.977214022,16.9375,137,271,2.656826568,1,7.287822878
Netclan20241045,https://insights.blackcoffer.com/efficient-coach-allocation-system-for-sports-coaching-organization/,12,4,0.499999969,0.072727272,12.22222222,0.472727273,5.077979798,12.22222222,104,220,2.640909091,4,7.213636364
Netclan20241046,https://insights.blackcoffer.com/data-studio-dashboard-with-a-data-pipeline-tool-synced-with-podio-using-custom-webhooks-and-google-cloud-function-2/,21,7,0.499999982,0.082111437,11,0.560117302,4.624046921,11,191,341,2.791788856,1,7.187683284
Netclan20241047,https://insights.blackcoffer.com/ai-driven-backend-for-audio-to-text-conversion-and-analytical-assessment-in-pharmaceutical-practice/,8,5,0.230769213,0.057268722,11.35,0.49339207,4.737356828,11.35,112,227,2.599118943,2,7.022026432
Netclan20241048,https://insights.blackcoffer.com/cloud-based-web-application-for-financial-data-processing-and-visualization-of-sp-500-metrics/,46,13,0.559322024,0.132286995,14.38709677,0.585201794,5.988919427,14.38709677,261,446,3.015695067,5,7.912556054
Netclan20241049,https://insights.blackcoffer.com/department-wise-kpi-tracking-dashboard-with-technician-performance-analysis-for-atoz-dependable-service/,16,4,0.59999997,0.050632911,13.16666667,0.430379747,5.438818565,13.16666667,170,395,2.465822785,1,6.627848101
Netclan20241050,https://insights.blackcoffer.com/steps-to-convert-a-node-js-api-to-python-for-aws-lambda-deployment/,19,6,0.519999979,0.117370891,12.52941176,0.582159624,5.244628556,12.52941176,124,213,2.784037559,1,7.629107981
Netclan20241051,https://insights.blackcoffer.com/building-an-analytics-dashboard-with-a-pdf-parsing-pipeline-for-data-extraction/,29,25,0.074074073,0.062645012,8.20952381,0.494199536,3.481489338,8.20952381,426,862,2.738979118,1,7.365429234
Netclan20241052,https://insights.blackcoffer.com/building-a-real-time-log-file-visualization-dashboard-in-kibana/,14,19,-0.151515147,0.071895425,8.345454545,0.470588235,3.526417112,8.345454545,216,459,2.660130719,2,7.030501089
Netclan20241053,https://insights.blackcoffer.com/analyzing-the-impact-of-female-ceo-appointments-on-company-stock-prices/,17,6,0.478260849,0.048832272,8.263157895,0.61358811,3.550698402,8.263157895,289,471,2.987261146,6,7.823779193
Netclan20241054,https://insights.blackcoffer.com/ai-chatbot-using-llm-langchain-llama/,11,1,0.833333264,0.061224489,14,0.505102041,5.802040816,14,99,196,2.739795918,1,7.132653061
Netclan20241055,https://insights.blackcoffer.com/healthcare-ai-chatbot-using-llama-llm-langchain/,43,3,0.869565198,0.105747126,5.178571429,0.422988506,2.240623974,5.178571429,184,435,2.450574713,30,6.386206897
Netclan20241056,https://insights.blackcoffer.com/ai-bot-audio-to-audio/,0,0,0,0,26,0.307692308,10.52307692,26,8,26,2.346153846,0,6.423076923
Netclan20241057,https://insights.blackcoffer.com/recommendation-engine-for-insurance-sector-to-expand-business-in-the-rural-area/,8,2,0.59999994,0.056497175,19.66666667,0.463276836,8.051977401,19.66666667,82,177,2.576271186,2,7.079096045
Netclan20241058,https://insights.blackcoffer.com/data-from-crm-via-zapier-to-google-sheets-dynamic-to-powerbi/,9,1,0.79999992,0.085470085,10.63636364,0.401709402,4.415229215,10.63636364,47,117,2.358974359,4,6.264957265
Netclan20241059,https://insights.blackcoffer.com/data-warehouse-to-google-data-studio-looker-dashboard/,4,1,0.59999988,0.034482758,13.18181818,0.462068966,5.457554859,13.18181818,67,145,2.420689655,9,6.586206897
Netclan20241060,https://insights.blackcoffer.com/crm-monday-com-via-zapier-to-power-bi-dashboard/,11,4,0.466666636,0.09090909,7.173913043,0.363636364,3.015019763,7.173913043,60,165,2.218181818,16,6.115151515
Netclan20241061,https://insights.blackcoffer.com/monday-com-to-kpi-dashboard-to-manage-view-and-generate-insights-from-the-crm-data/,15,8,0.304347813,0.128491619,6.884615385,0.407821229,2.916974645,6.884615385,73,179,2.184357542,6,6.212290503
Netclan20241062,https://insights.blackcoffer.com/data-management-for-a-political-saas-application/,4,4,0,0.04040404,9,0.484848485,3.793939394,9,96,198,2.580808081,5,6.797979798
Netclan20241063,https://insights.blackcoffer.com/google-lsa-ads-google-local-service-ads-etl-tools-and-dashboards/,4,2,0.333333278,0.045112782,14.77777778,0.488721805,6.106599833,14.77777778,65,133,2.466165414,1,6.563909774
Netclan20241064,https://insights.blackcoffer.com/ad-networks-marketing-campaign-data-dashboard-in-looker-google-data-studio/,3,1,0.499999875,0.064516128,31,0.419354839,12.56774194,31,26,62,2.290322581,1,6.693548387
Netclan20241065,https://insights.blackcoffer.com/analytical-solution-for-a-tech-firm/,4,3,0.142857122,0.134615382,10.4,0.403846154,4.321538462,10.4,21,52,2.346153846,2,6.961538462
Netclan20241066,https://insights.blackcoffer.com/ai-solution-for-a-technology-information-and-internet-firm/,4,1,0.59999988,0.079365078,15.75,0.492063492,6.496825397,15.75,31,63,2.507936508,1,6.80952381
Netclan20241067,https://insights.blackcoffer.com/ai-and-nlp-based-solutions-to-automate-data-discovery-for-venture-capital-and-private-equity-principals/,6,2,0.499999938,0.06722689,14.875,0.495798319,6.148319328,14.875,59,119,2.453781513,1,7.033613445
Netclan20241068,https://insights.blackcoffer.com/an-etl-solution-for-an-internet-publishing-firm/,11,1,0.833333264,0.073619631,11.64285714,0.325153374,4.787204207,11.64285714,53,163,2.147239264,10,6.085889571
Netclan20241069,https://insights.blackcoffer.com/ai-based-algorithmic-trading-bot-for-forex/,3,2,0.19999996,0.070422534,11.83333333,0.394366197,4.891079812,11.83333333,28,71,2.352112676,1,6.647887324
Netclan20241070,https://insights.blackcoffer.com/equity-waterfalls-model-based-saas-application-for-real-estate-sector/,3,4,-0.142857122,0.041666666,8.4,0.494047619,3.557619048,8.4,83,168,2.55952381,8,6.773809524
Netclan20241071,https://insights.blackcoffer.com/ai-solutions-for-foreign-exchange-an-automated-algo-trading-tool/,8,3,0.454545413,0.057894737,14.61538462,0.389473684,6.00194332,14.61538462,74,190,2.431578947,4,6.905263158
Netclan20241072,https://insights.blackcoffer.com/ai-agent-development-and-deployment-in-jina-ai/,10,8,0.111111105,0.162162161,15.85714286,0.513513514,6.548262548,15.85714286,57,111,2.684684685,3,6.972972973
Netclan20241073,https://insights.blackcoffer.com/golden-record-a-knowledge-graph-database-approach-to-unfold-discovery-using-neo4j/,11,4,0.466666636,0.088235294,12.14285714,0.458823529,5.040672269,12.14285714,78,170,2.505882353,12,6.841176471
Netclan20241074,https://insights.blackcoffer.com/advanced-ai-for-trading-automation/,10,5,0.333333311,0.077720207,8.772727273,0.450777202,3.68940179,8.772727273,87,193,2.647668394,9,6.637305699
Netclan20241075,https://insights.blackcoffer.com/create-a-knowledge-graph-to-provide-real-time-analytics-recommendations-and-a-single-source-of-truth/,4,5,-0.111111099,0.107142856,8.4,0.535714286,3.574285714,8.4,45,84,2.630952381,1,6.928571429
Netclan20241076,https://insights.blackcoffer.com/advanced-ai-for-thermal-person-detection/,3,1,0.499999875,0.075471697,10.6,0.433962264,4.413584906,10.6,23,53,2.377358491,2,6.641509434
Netclan20241077,https://insights.blackcoffer.com/advanced-ai-for-road-cam-threat-detection/,3,3,0,0.096774192,12.4,0.467741935,5.147096774,12.4,29,62,2.532258065,1,7.064516129
Netclan20241078,https://insights.blackcoffer.com/advanced-ai-for-pedestrian-crossing-safety/,5,4,0.111111099,0.130434781,9.857142857,0.47826087,4.134161491,9.857142857,33,69,2.550724638,3,7.130434783
Netclan20241079,https://insights.blackcoffer.com/handgun-detection-using-yolo/,4,1,0.59999988,0.081967212,12.2,0.540983607,5.096393443,12.2,33,61,2.655737705,2,7.098360656
Netclan20241080,https://insights.blackcoffer.com/using-graph-technology-to-create-single-customer-view/,4,8,-0.333333306,0.133333332,9,0.588888889,3.835555556,9,53,90,2.744444444,4,7.233333333
Netclan20241081,https://insights.blackcoffer.com/car-detection-in-satellite-images/,11,2,0.692307639,0.08227848,9.294117647,0.449367089,3.897393894,9.294117647,71,158,2.449367089,8,6.651898734
Netclan20241082,https://insights.blackcoffer.com/building-a-physics-informed-neural-network-for-circuit-evaluation/,10,4,0.428571398,0.075675675,9.736842105,0.518918919,4.10230441,9.736842105,96,185,2.67027027,12,7.227027027
Netclan20241083,https://insights.blackcoffer.com/connecting-mongodb-database-to-power-bi-dashboard-dashboard-automation/,6,5,0.090909083,0.053921568,12,0.495098039,4.998039216,12,101,204,2.514705882,10,6.431372549
Netclan20241084,https://insights.blackcoffer.com/data-transformation/,20,13,0.212121206,0.134146341,10.25,0.333333333,4.233333333,10.25,82,246,2.276422764,11,6.296747967
Netclan20241085,https://insights.blackcoffer.com/e-commerce-store-analysis-purchase-behavior-ad-spend-conversion-traffic-etc/,7,1,0.749999906,0.041025641,10.26315789,0.605128205,4.34731444,10.26315789,118,195,2.723076923,14,6.769230769
Netclan20241086,https://insights.blackcoffer.com/kpi-dashboard-for-accountants/,9,0,0.999999889,0.052941176,15.45454545,0.505882353,6.384171123,15.45454545,86,170,2.617647059,6,6.952941176
Netclan20241087,https://insights.blackcoffer.com/return-on-advertising-spend-dashboard-marketing-automation-and-analytics-using-etl-and-dashboard/,24,4,0.714285689,0.066037736,12.47058824,0.535377358,5.202386238,12.47058824,227,424,2.768867925,6,7.20990566
Netclan20241088,https://insights.blackcoffer.com/ranking-customer-behaviours-for-business-strategy/,4,2,0.333333278,0.048780487,30.75,0.341463415,12.43658537,30.75,42,123,2.300813008,2,6.430894309
Netclan20241089,https://insights.blackcoffer.com/algorithmic-trading-for-multiple-commodities-markets-like-forex-metals-energy-etc/,5,0,0.9999998,0.028089887,11.86666667,0.438202247,4.921947566,11.86666667,78,178,2.54494382,1,7.033707865
Netclan20241090,https://insights.blackcoffer.com/trading-bot-for-forex/,2,1,0.333333222,0.06521739,46,0.260869565,18.50434783,46,12,46,2.326086957,1,6.282608696
Netclan20241091,https://insights.blackcoffer.com/python-model-for-the-analysis-of-sector-specific-stock-etfs-for-investment-purposes%ef%bf%bc/,7,2,0.555555494,0.06081081,11.38461538,0.432432432,4.726819127,11.38461538,64,148,2.5,4,6.959459459
Netclan20241092,https://insights.blackcoffer.com/medical-classification/,5,2,0.428571367,0.046052631,12.66666667,0.480263158,5.25877193,12.66666667,73,152,2.460526316,5,6.690789474
Netclan20241093,https://insights.blackcoffer.com/design-develop-bert-question-answering-model-explanations-with-visualization/,1,0,0.999999,0.016129032,20.66666667,0.532258065,8.479569892,20.66666667,33,62,2.774193548,2,7.225806452
Netclan20241094,https://insights.blackcoffer.com/design-and-develop-solution-to-anomaly-detection-classification-problems/,2,5,-0.428571367,0.075268816,10.33333333,0.634408602,4.387096774,10.33333333,59,93,2.903225806,5,7.021505376
Netclan20241095,https://insights.blackcoffer.com/an-etl-solution-for-currency-data-to-google-big-query/,1,12,-0.846153781,0.09489051,11.41666667,0.386861314,4.721411192,11.41666667,53,137,2.321167883,11,6.065693431
Netclan20241096,https://insights.blackcoffer.com/etl-and-mlops-infrastructure-for-blockchain-analytics/,2,0,0.9999995,0.012195122,23.42857143,0.426829268,9.542160279,23.42857143,70,164,2.317073171,0,6.615853659
Netclan20241097,https://insights.blackcoffer.com/an-agent-based-model-of-a-virtual-power-plant-vpp/,2,0,0.9999995,0.049999999,13.33333333,0.375,5.483333333,13.33333333,15,40,2.4,0,6.6
Netclan20241098,https://insights.blackcoffer.com/transform-api-into-sdk-library-and-widget/,9,1,0.79999992,0.107526881,23.25,0.408602151,9.46344086,23.25,38,93,2.516129032,1,6.88172043
Netclan20241099,https://insights.blackcoffer.com/integration-of-a-product-to-a-cloud-based-crm-platform/,5,6,-0.090909083,0.076388888,8.470588235,0.381944444,3.541013072,8.470588235,55,144,2.5,1,6.916666667
Netclan20241100,https://insights.blackcoffer.com/a-web-based-dashboard-for-the-filtered-data-retrieval-of-land-records/,10,3,0.538461497,0.073033707,13.69230769,0.382022472,5.629732066,13.69230769,68,178,2.466292135,0,6.685393258
Netclan20241101,https://insights.blackcoffer.com/integration-of-video-conferencing-data-to-the-existing-web-app/,1,0,0.999999,0.008333333,15,0.366666667,6.146666667,15,44,120,2.483333333,0,6.425
Netclan20241102,https://insights.blackcoffer.com/design-develop-an-app-in-retool-which-shows-the-progress-of-the-added-video/,2,0,0.9999995,0.039999999,25,0.44,10.176,25,22,50,2.36,2,6.16
Netclan20241103,https://insights.blackcoffer.com/auvik-connectwise-integration-in-grafana/,2,2,0,0.043010752,9.3,0.52688172,3.930752688,9.3,49,93,2.591397849,0,6.774193548
Netclan20241104,https://insights.blackcoffer.com/data-integration-and-big-data-performance-using-elk-stack/,3,2,0.19999996,0.037037037,10.38461538,0.451851852,4.334586895,10.38461538,61,135,2.703703704,2,7.155555556
Netclan20241105,https://insights.blackcoffer.com/web-data-connector/,1,1,0,0.01980198,9.181818182,0.396039604,3.831143114,9.181818182,40,101,2.445544554,1,6.514851485
Netclan20241106,https://insights.blackcoffer.com/an-app-for-updating-the-email-id-of-the-user-and-stripe-refund-tool-using-retool/,6,1,0.714285612,0.094594593,37,0.513513514,15.00540541,37,38,74,2.459459459,3,6.202702703
Netclan20241107,https://insights.blackcoffer.com/an-ai-ml-based-web-application-that-detects-the-correctness-of-text-in-a-given-video/,1,8,-0.777777691,0.079646017,37.66666667,0.398230088,15.2259587,37.66666667,45,113,2.230088496,2,6.185840708
Netclan20241108,https://insights.blackcoffer.com/website-tracking-and-insights-using-google-analytics-google-tag-manager/,17,2,0.789473643,0.048843188,12.5483871,0.547557841,5.238377975,12.5483871,213,389,2.596401028,3,6.853470437
Netclan20241109,https://insights.blackcoffer.com/dashboard-to-track-the-analytics-of-the-website-using-google-analytics-and-google-tag-manager/,17,1,0.88888884,0.044444444,12.27272727,0.503703704,5.110572391,12.27272727,204,405,2.585185185,1,6.77037037
Netclan20241110,https://insights.blackcoffer.com/power-bi-dashboard-on-operations-transactions-and-marketing-embedding-the-dashboard-to-web-app/,1,0,0.999999,0.027777777,12,0.444444444,4.977777778,12,16,36,2.555555556,0,6.583333333
Netclan20241111,https://insights.blackcoffer.com/nft-data-automation-looksrare-and-etl-tool/,4,3,0.142857122,0.054263565,9.214285714,0.403100775,3.846954596,9.214285714,52,129,2.348837209,3,6.240310078
Netclan20241112,https://insights.blackcoffer.com/optimize-the-data-scraper-program-to-easily-accommodate-large-files-and-solve-oom-errors/,4,2,0.333333278,0.074999999,11.42857143,0.45,4.751428571,11.42857143,36,80,2.5125,2,6.775
Netclan20241113,https://insights.blackcoffer.com/making-a-robust-way-to-sync-data-from-airtables-to-mongodb-using-python-etl-solution/,2,5,-0.428571367,0.051851851,12.27272727,0.37037037,5.057239057,12.27272727,50,135,2.444444444,1,6.414814815
Netclan20241114,https://insights.blackcoffer.com/incident-duration-prediction-infrastructure-and-real-estate/,1,1,0,0.018518518,12,0.555555556,5.022222222,12,60,108,2.685185185,4,7.111111111
Netclan20241115,https://insights.blackcoffer.com/statistical-data-analysis-of-reinforced-concrete/,7,2,0.555555494,0.051428571,13.46153846,0.52,5.592615385,13.46153846,91,175,2.8,4,7.531428571
Netclan20241116,https://insights.blackcoffer.com/database-normalization-segmentation-with-google-data-studio-dashboard-insights/,4,0,0.99999975,0.037735849,7.571428571,0.452830189,3.209703504,7.571428571,48,106,2.613207547,8,6.5
Netclan20241117,https://insights.blackcoffer.com/power-bi-dashboard-to-drive-insights-from-complex-data-to-generate-business-insights/,4,2,0.333333278,0.04137931,9.666666667,0.372413793,4.015632184,9.666666667,54,145,2.337931034,8,6.220689655
Netclan20241118,https://insights.blackcoffer.com/real-time-dashboard-to-monitor-infrastructure-activity-and-machines/,1,1,0,0.037735848,10.6,0.58490566,4.473962264,10.6,31,53,2.679245283,2,6.849056604
Netclan20241119,https://insights.blackcoffer.com/electric-vehicles-ev-load-management-system-to-forecast-energy-demand/,3,2,0.19999996,0.034482758,12.08333333,0.434482759,5.007126437,12.08333333,63,145,2.551724138,7,6.565517241
Netclan20241120,https://insights.blackcoffer.com/power-bi-data-driven-map-dashboard/,1,0,0.999999,0.071428566,14,0.5,5.8,14,7,14,2.571428571,0,7.071428571
Netclan20241121,https://insights.blackcoffer.com/google-local-service-ads-lsa-leads-dashboard/,17,3,0.699999965,0.066225165,10.06666667,0.450331126,4.206799117,10.06666667,136,302,2.536423841,3,6.529801325
Netclan20241122,https://insights.blackcoffer.com/aws-lex-voice-and-chatbot/,8,0,0.999999875,0.047619047,11.2,0.339285714,4.615714286,11.2,57,168,2.160714286,5,5.785714286
Netclan20241123,https://insights.blackcoffer.com/metabridges-api-decentraland-integration/,1,2,-0.333333222,0.018867924,10.6,0.452830189,4.421132075,10.6,72,159,2.327044025,0,6.402515723
Netclan20241124,https://insights.blackcoffer.com/microsoft-azure-chatbot-with-luis-language-understanding/,5,0,0.9999998,0.069444443,12,0.472222222,4.988888889,12,34,72,2.513888889,0,6.388888889
Netclan20241125,https://insights.blackcoffer.com/impact-of-news-media-and-press-on-innovation-startups-and-investments/,8,4,0.333333306,0.088235293,7.157894737,0.404411765,3.024922601,7.157894737,55,136,2.455882353,8,6.176470588
Netclan20241126,https://insights.blackcoffer.com/aws-quicksight-reporting-dashboard/,7,3,0.39999996,0.0625,16,0.35625,6.5425,16,57,160,2.34375,5,6.13125
Netclan20241127,https://insights.blackcoffer.com/google-data-studio-dashboard-for-marketing-ads-and-traction-data/,9,2,0.636363579,0.045081967,15.25,0.385245902,6.254098361,15.25,94,244,2.319672131,8,6.229508197
Netclan20241128,https://insights.blackcoffer.com/gangala-in-e-commerce-big-data-etl-elt-solution-and-data-warehouse/,6,2,0.499999938,0.062015503,10.75,0.333333333,4.433333333,10.75,43,129,2.317829457,8,6.11627907
Netclan20241129,https://insights.blackcoffer.com/big-data-solution-to-an-online-multivendor-marketplace-ecommerce-business/,15,0,0.999999933,0.097402597,19.25,0.324675325,7.82987013,19.25,50,154,2.38961039,5,6.311688312
Netclan20241130,https://insights.blackcoffer.com/creating-a-custom-report-and-dashboard-using-the-data-got-from-atera-api/,1,0,0.999999,0.029411764,11.33333333,0.5,4.733333333,11.33333333,17,34,2.411764706,2,6.558823529
Netclan20241131,https://insights.blackcoffer.com/azure-data-lake-and-power-bi-dashboard/,6,2,0.499999938,0.082474226,9.7,0.525773196,4.090309278,9.7,51,97,2.93814433,0,7.721649485
Netclan20241132,https://insights.blackcoffer.com/google-data-studio-pipeline-with-gcp-mysql/,1,2,-0.333333222,0.04347826,17.25,0.47826087,7.091304348,17.25,33,69,2.31884058,1,6.202898551
Netclan20241133,https://insights.blackcoffer.com/quickbooks-dashboard-to-find-patterns-in-finance-sales-and-forecasts/,8,0,0.999999875,0.047904191,15.18181818,0.508982036,6.276320087,15.18181818,85,167,2.646706587,2,6.820359281
Netclan20241134,https://insights.blackcoffer.com/marketing-sales-and-financial-data-business-dashboard-wink-report/,1,0,0.999999,0.007692308,8.666666667,0.446153846,3.645128205,8.666666667,58,130,2.484615385,3,6.653846154
Netclan20241135,https://insights.blackcoffer.com/react-native-apps-in-the-development-portfolio/,0,0,0,0,16,0.1875,6.475,16,3,16,1.0625,1,5.375
Netclan20241136,https://insights.blackcoffer.com/a-leading-firm-website-seo-optimization/,2,0,0.9999995,0.035714285,9.333333333,0.589285714,3.969047619,9.333333333,33,56,2.571428571,0,6.678571429
Netclan20241137,https://insights.blackcoffer.com/a-leading-hospitality-firm-in-the-usa-website-seo-optimization/,4,0,0.99999975,0.067796609,9.833333333,0.372881356,4.082485876,9.833333333,22,59,2.389830508,0,6.508474576
Netclan20241138,https://insights.blackcoffer.com/a-leading-firm-in-the-usa-website-seo-optimization/,2,2,0,0.095238093,21,0.261904762,8.504761905,21,11,42,2.119047619,0,6
Netclan20241139,https://insights.blackcoffer.com/a-leading-musical-instrumental-website-seo-optimization/,2,3,-0.19999996,0.106382976,6.714285714,0.553191489,2.906990881,6.714285714,26,47,2.425531915,0,6.361702128
Netclan20241140,https://insights.blackcoffer.com/a-leading-firm-in-the-usa-seo-and-website-optimization/,2,1,0.333333222,0.06976744,7.166666667,0.558139535,3.089922481,7.166666667,24,43,2.465116279,0,6.627906977
Netclan20241141,https://insights.blackcoffer.com/immigration-datawarehouse-ai-based-recommendations/,8,0,0.999999875,0.058823529,9.714285714,0.426470588,4.056302521,9.714285714,58,136,2.492647059,7,6.823529412
Netclan20241142,https://insights.blackcoffer.com/lipsync-automation-for-celebrities-and-influencers/,1,0,0.999999,0.014084507,10.14285714,0.577464789,4.288128773,10.14285714,41,71,2.704225352,4,6.422535211
Netclan20241143,https://insights.blackcoffer.com/key-audit-matters-predictive-modeling/,3,8,-0.454545413,0.049327354,15.92857143,0.484304933,6.565150545,15.92857143,108,223,2.618834081,3,6.569506726
Netclan20241144,https://insights.blackcoffer.com/splitting-of-songs-into-its-vocals-and-instrumental/,9,2,0.636363579,0.097345132,11.3,0.389380531,4.675752212,11.3,44,113,2.451327434,1,6.566371681
Netclan20241145,https://insights.blackcoffer.com/ai-and-ml-technologies-to-evaluate-learning-assessments/,12,2,0.714285663,0.080924855,9.611111111,0.537572254,4.059473346,9.611111111,93,173,2.838150289,12,7.265895954
Netclan20241146,https://insights.blackcoffer.com/datawarehouse-and-recommendations-engine-for-airbnb/,8,3,0.454545413,0.08029197,11.41666667,0.379562044,4.718491484,11.41666667,52,137,2.394160584,7,6.773722628
Netclan20241147,https://insights.blackcoffer.com/real-estate-data-warehouse/,4,0,0.99999975,0.026666666,10.71428571,0.413333333,4.451047619,10.71428571,62,150,2.44,1,6.666666667
Netclan20241148,https://insights.blackcoffer.com/traction-dashboards-of-marketing-campaigns-and-posts/,3,1,0.499999875,0.027210884,11.30769231,0.421768707,4.691784406,11.30769231,62,147,2.37414966,8,6.56462585
Netclan20241149,https://insights.blackcoffer.com/google-local-service-ads-lsa-data-warehouse/,2,0,0.9999995,0.023529411,12.14285714,0.447058824,5.035966387,12.14285714,38,85,2.494117647,0,6.247058824
Netclan20241150,https://insights.blackcoffer.com/google-local-service-ads-missed-calls-and-messages-automation-tool/,2,1,0.333333222,0.036144578,20.75,0.397590361,8.459036145,20.75,33,83,2.373493976,0,6.180722892
Netclan20241151,https://insights.blackcoffer.com/marketing-ads-leads-call-status-data-tool-to-bigquery/,3,0,0.999999667,0.039999999,12.5,0.493333333,5.197333333,12.5,37,75,2.6,0,6.493333333
Netclan20241152,https://insights.blackcoffer.com/marketing-analytics-to-automate-leads-call-status-and-reporting/,3,0,0.999999667,0.036585365,13.66666667,0.43902439,5.642276423,13.66666667,36,82,2.5,0,6.390243902
Netclan20241153,https://insights.blackcoffer.com/callrail-analytics-leads-report-alert/,2,0,0.9999995,0.025641025,11.14285714,0.487179487,4.652014652,11.14285714,38,78,2.602564103,0,6.512820513
Netclan20241154,https://insights.blackcoffer.com/marketing-automation-tool-to-notify-lead-details-to-clients-over-email-and-phone/,1,0,0.999999,0.016129032,15.5,0.387096774,6.35483871,15.5,24,62,2.370967742,0,6.322580645
Netclan20241155,https://insights.blackcoffer.com/data-etl-local-service-ads-leads-to-bigquery/,2,0,0.9999995,0.031746031,12.6,0.476190476,5.23047619,12.6,30,63,2.555555556,0,6.428571429
Netclan20241156,https://insights.blackcoffer.com/marbles-stimulation-using-python/,4,2,0.333333278,0.06741573,8.090909091,0.370786517,3.384678243,8.090909091,33,89,2.325842697,2,6.280898876
Netclan20241157,https://insights.blackcoffer.com/stocktwits-data-structurization/,14,10,0.16666666,0.048289738,10.35416667,0.354124748,4.283316566,10.35416667,176,497,2.440643863,6,6.6277666
Netclan20241158,https://insights.blackcoffer.com/sentimental-analysis-on-shareholder-letter-of-companies/,9,7,0.124999992,0.059925093,12.71428571,0.558052434,5.308935259,12.71428571,149,267,2.737827715,5,7.232209738
Netclan20241159,https://insights.blackcoffer.com/population-and-community-survey-of-america/,13,9,0.181818174,0.045548654,14.20588235,0.440993789,5.858750457,14.20588235,213,483,2.546583851,3,6.712215321
Netclan20241160,https://insights.blackcoffer.com/google-lsa-api-data-automation-and-dashboarding/,20,19,0.025641025,0.050064185,12.171875,0.465982028,5.055142811,12.171875,363,779,2.586649551,7,6.508344031
Netclan20241161,https://insights.blackcoffer.com/healthcare-data-analysis/,6,7,-0.076923071,0.135416665,8.727272727,0.427083333,3.661742424,8.727272727,41,96,2.416666667,11,6.34375
Netclan20241162,https://insights.blackcoffer.com/budget-sales-kpi-dashboard-using-power-bi/,0,0,0,0,9,0.666666667,3.866666667,9,6,9,4.777777778,0,12.44444444
Netclan20241163,https://insights.blackcoffer.com/amazon-buy-bot-an-automation-ai-tool-to-auto-checkouts/,2,0,0.9999995,0.033898305,8.428571429,0.338983051,3.507021792,8.428571429,20,59,2.322033898,1,6.389830508
